S01,S01,255,255,255,Artkal official RGB chart 2024
S89,S89,83,86,90,Artkal official RGB chart 2024
S02,S02,255,163,139,Artkal official RGB chart 2024
S90,S90,255,197,110,Artkal official RGB chart 2024
S03,S03,255,130,0,Artkal official RGB chart 2024
S91,S91,24,48,40,Artkal official RGB chart 2024
S04,S04,250,70,22,Artkal official RGB chart 2024
S92,S92,198,146,20,Artkal official RGB chart 2024
S05,S05,238,39,55,Artkal official RGB chart 2024
S93,S93,237,200,163,Artkal official RGB chart 2024
S06,S06,239,100,162,Artkal official RGB chart 2024
S94,S94,234,167,148,Artkal official RGB chart 2024
S07,S07,151,153,155,Artkal official RGB chart 2024
S95,S95,232,146,124,Artkal official RGB chart 2024
S08,S08,38,208,124,Artkal official RGB chart 2024
S96,S96,255,141,109,Artkal official RGB chart 2024
S09,S09,0,115,113,Artkal official RGB chart 2024
S97,S97,227,82,5,Artkal official RGB chart 2024
S10,S10,86,183,230,Artkal official RGB chart 2024
S98,S98,128,182,232,Artkal official RGB chart 2024
S11,S11,0,80,181,Artkal official RGB chart 2024
S99,S99,92,169,204,Artkal official RGB chart 2024
S12,S12,144,99,205,Artkal official RGB chart 2024
S100,S100,93,179,203,Artkal official RGB chart 2024
S13,S13,0,0,0,Artkal official RGB chart 2024
S101,S101,0,163,225,Artkal official RGB chart 2024
S14,S14,253,218,36,Artkal official RGB chart 2024
S102,S102,0,119,207,Artkal official RGB chart 2024
S15,S15,167,43,42,Artkal official RGB chart 2024
S103,S103,0,103,185,Artkal official RGB chart 2024
S16,S16,103,71,54,Artkal official RGB chart 2024
S104,S104,0,125,186,Artkal official RGB chart 2024
S17,S17,123,77,53,Artkal official RGB chart 2024
S105,S105,0,133,155,Artkal official RGB chart 2024
S18,S18,234,167,148,Artkal official RGB chart 2024
S106,S106,0,118,168,Artkal official RGB chart 2024
S19,S19,248,193,184,Artkal official RGB chart 2024
S107,S107,0,112,150,Artkal official RGB chart 2024
S20,S20,36,158,107,Artkal official RGB chart 2024
S108,S108,230,199,138,Artkal official RGB chart 2024
S21,S21,147,201,14,Artkal official RGB chart 2024
S109,S109,206,184,136,Artkal official RGB chart 2024
S22,S22,72,54,152,Artkal official RGB chart 2024
S110,S110,198,170,118,Artkal official RGB chart 2024
S23,S23,125,85,199,Artkal official RGB chart 2024
S111,S111,160,134,41,Artkal official RGB chart 2024
S24,S24,17,100,201,Artkal official RGB chart 2024
S112,S112,137,118,48,Artkal official RGB chart 2024
S25,S25,239,96,163,Artkal official RGB chart 2024
S113,S113,195,198,168,Artkal official RGB chart 2024
S26,S26,240,78,152,Artkal official RGB chart 2024
S114,S114,192,187,135,Artkal official RGB chart 2024
S27,S27,255,199,44,Artkal official RGB chart 2024
S115,S115,176,170,126,Artkal official RGB chart 2024
S28,S28,239,149,207,Artkal official RGB chart 2024
S116,S116,163,170,131,Artkal official RGB chart 2024
S29,S29,251,219,101,Artkal official RGB chart 2024
S117,S117,119,116,77,Artkal official RGB chart 2024
S30,S30,164,230,232,Artkal official RGB chart 2024
S118,S118,94,103,56,Artkal official RGB chart 2024
S31,S31,181,227,216,Artkal official RGB chart 2024
S119,S119,152,219,206,Artkal official RGB chart 2024
S32,S32,254,203,139,Artkal official RGB chart 2024
S120,S120,155,227,191,Artkal official RGB chart 2024
S33,S33,197,180,227,Artkal official RGB chart 2024
S121,S121,107,187,174,Artkal official RGB chart 2024
S34,S34,213,0,50,Artkal official RGB chart 2024
S122,S122,0,187,126,Artkal official RGB chart 2024
S35,S35,247,206,215,Artkal official RGB chart 2024
S123,S123,49,183,0,Artkal official RGB chart 2024
S36,S36,224,98,135,Artkal official RGB chart 2024
S124,S124,3,95,29,Artkal official RGB chart 2024
S37,S37,139,211,230,Artkal official RGB chart 2024
S125,S125,0,120,100,Artkal official RGB chart 2024
S38,S38,188,32,75,Artkal official RGB chart 2024
S126,S126,0,104,94,Artkal official RGB chart 2024
S39,S39,255,127,65,Artkal official RGB chart 2024
S127,S127,222,205,231,Artkal official RGB chart 2024
S40,S40,249,159,201,Artkal official RGB chart 2024
S128,S128,201,139,219,Artkal official RGB chart 2024
S129,S129,220,182,201,Artkal official RGB chart 2024
S130,S130,221,116,161,Artkal official RGB chart 2024
S43,S43,117,120,123,Artkal official RGB chart 2024
S131,S131,173,150,220,Artkal official RGB chart 2024
S44,S44,155,203,235,Artkal official RGB chart 2024
S132,S132,239,66,111,Artkal official RGB chart 2024
S45,S45,0,178,169,Artkal official RGB chart 2024
S133,S133,199,36,177,Artkal official RGB chart 2024
S46,S46,142,221,101,Artkal official RGB chart 2024
S134,S134,128,49,167,Artkal official RGB chart 2024
S47,S47,166,99,27,Artkal official RGB chart 2024
S135,S135,159,174,229,Artkal official RGB chart 2024
S48,S48,255,200,69,Artkal official RGB chart 2024
S136,S136,180,178,228,Artkal official RGB chart 2024
S49,S49,151,57,97,Artkal official RGB chart 2024
S137,S137,95,141,218,Artkal official RGB chart 2024
S50,S50,255,179,171,Artkal official RGB chart 2024
S138,S138,87,128,210,Artkal official RGB chart 2024
S51,S51,255,248,219,Artkal official RGB chart 2024
S139,S139,85,118,209,Artkal official RGB chart 2024
S52,S52,248,224,142,Artkal official RGB chart 2024
S140,S140,60,98,195,Artkal official RGB chart 2024
S53,S53,98,160,230,Artkal official RGB chart 2024
S141,S141,70,108,202,Artkal official RGB chart 2024
S54,S54,0,144,218,Artkal official RGB chart 2024
S142,S142,54,90,189,Artkal official RGB chart 2024
S55,S55,173,220,145,Artkal official RGB chart 2024
S143,S143,30,34,170,Artkal official RGB chart 2024
S56,S56,255,106,57,Artkal official RGB chart 2024
S144,S144,0,45,114,Artkal official RGB chart 2024
S57,S57,179,61,38,Artkal official RGB chart 2024
S145,S145,233,225,134,Artkal official RGB chart 2024
S58,S58,186,12,47,Artkal official RGB chart 2024
S146,S146,140,36,61,Artkal official RGB chart 2024
S59,S59,89,73,167,Artkal official RGB chart 2024
S147,S147,134,200,188,Artkal official RGB chart 2024
S60,S60,150,120,211,Artkal official RGB chart 2024
S148,S148,114,71,54,Artkal official RGB chart 2024
S61,S61,230,222,119,Artkal official RGB chart 2024
S149,S149,252,210,153,Artkal official RGB chart 2024
S62,S62,0,124,88,Artkal official RGB chart 2024
S150,S150,139,132,215,Artkal official RGB chart 2024
S151,S151,51,85,37,Artkal official RGB chart 2024
S64,S64,44,45,101,Artkal official RGB chart 2024
S152,S152,167,164,224,Artkal official RGB chart 2024
S65,S65,240,236,116,Artkal official RGB chart 2024
S153,S153,198,196,234,Artkal official RGB chart 2024
S66,S66,238,83,64,Artkal official RGB chart 2024
S154,S154,235,194,157,Artkal official RGB chart 2024
S67,S67,236,195,178,Artkal official RGB chart 2024
S155,S155,197,139,104,Artkal official RGB chart 2024
S68,S68,231,183,138,Artkal official RGB chart 2024
S156,S156,99,102,106,Artkal official RGB chart 2024
S69,S69,33,39,33,Artkal official RGB chart 2024
S157,S157,70,73,76,Artkal official RGB chart 2024
S70,S70,186,188,22,Artkal official RGB chart 2024
S158,S158,25,29,25,Artkal official RGB chart 2024
S71,S71,0,133,34,Artkal official RGB chart 2024
S159,S159,136,136,141,Artkal official RGB chart 2024
S72,S72,103,217,223,Artkal official RGB chart 2024
SE01,SE01,209,221,230,Artkal official RGB chart 2024
S73,S73,72,169,197,Artkal official RGB chart 2024
SE02,SE02,155,184,227,Artkal official RGB chart 2024
S74,S74,4,169,199,Artkal official RGB chart 2024
SE03,SE03,94,138,180,Artkal official RGB chart 2024
S75,S75,0,133,173,Artkal official RGB chart 2024
SE04,SE04,106,209,227,Artkal official RGB chart 2024
S76,S76,0,167,181,Artkal official RGB chart 2024
SE05,SE05,3,193,170,Artkal official RGB chart 2024
S77,S77,217,217,214,Artkal official RGB chart 2024
SE06,SE06,18,106,212,Artkal official RGB chart 2024
S78,S78,200,201,199,Artkal official RGB chart 2024
SE07,SE07,191,165,184,Artkal official RGB chart 2024
S79,S79,177,179,179,Artkal official RGB chart 2024
SE08,SE08,155,119,147,Artkal official RGB chart 2024
S80,S80,162,165,105,Artkal official RGB chart 2024
SE09,SE09,105,60,94,Artkal official RGB chart 2024
S81,S81,213,162,134,Artkal official RGB chart 2024
SE10,SE10,201,100,207,Artkal official RGB chart 2024
S82,S82,197,139,104,Artkal official RGB chart 2024
SE11,SE11,173,26,172,Artkal official RGB chart 2024
S83,S83,177,85,51,Artkal official RGB chart 2024
SE12,SE12,255,178,91,Artkal official RGB chart 2024
S84,S84,171,92,87,Artkal official RGB chart 2024
SE13,SE13,230,166,93,Artkal official RGB chart 2024
S85,S85,138,42,43,Artkal official RGB chart 2024
SE14,SE14,211,130,53,Artkal official RGB chart 2024
S86,S86,242,157,4,Artkal official RGB chart 2024
SE15,SE15,193,108,24,Artkal official RGB chart 2024
S87,S87,255,128,139,Artkal official RGB chart 2024
SE16,SE16,245,182,205,Artkal official RGB chart 2024
S88,S88,218,24,132,Artkal official RGB chart 2024
SE17,SE17,93,42,44,Artkal official RGB chart 2024
