C01,C01,255,255,255,Artkal official RGB chart 2024
C88,C88,200,201,199,Artkal official RGB chart 2024
C02,C02,0,0,0,Artkal official RGB chart 2024
C89,C89,177,179,179,Artkal official RGB chart 2024
C03,C03,255,130,0,Artkal official RGB chart 2024
C90,C90,83,86,90,Artkal official RGB chart 2024
C04,C04,255,127,65,Artkal official RGB chart 2024
C91,C91,214,154,45,Artkal official RGB chart 2024
C05,C05,228,0,43,Artkal official RGB chart 2024
C92,C92,241,198,167,Artkal official RGB chart 2024
C06,C06,186,12,47,Artkal official RGB chart 2024
C93,C93,220,165,156,Artkal official RGB chart 2024
C07,C07,239,149,207,Artkal official RGB chart 2024
C94,C94,241,128,112,Artkal official RGB chart 2024
C08,C08,240,78,152,Artkal official RGB chart 2024
C95,C95,250,147,112,Artkal official RGB chart 2024
C09,C09,226,69,133,Artkal official RGB chart 2024
C96,C96,234,118,0,Artkal official RGB chart 2024
C10,C10,248,224,142,Artkal official RGB chart 2024
C97,C97,108,172,228,Artkal official RGB chart 2024
C11,C11,255,199,44,Artkal official RGB chart 2024
C98,C98,113,197,232,Artkal official RGB chart 2024
C12,C12,155,225,152,Artkal official RGB chart 2024
C99,C99,99,177,188,Artkal official RGB chart 2024
C13,C13,147,201,14,Artkal official RGB chart 2024
C100,C100,0,163,225,Artkal official RGB chart 2024
C14,C14,0,154,68,Artkal official RGB chart 2024
C101,C101,0,118,207,Artkal official RGB chart 2024
C15,C15,0,120,98,Artkal official RGB chart 2024
C102,C102,0,87,184,Artkal official RGB chart 2024
C16,C16,255,106,57,Artkal official RGB chart 2024
C103,C103,0,125,155,Artkal official RGB chart 2024
C17,C17,255,92,57,Artkal official RGB chart 2024
C104,C104,0,125,138,Artkal official RGB chart 2024
C18,C18,141,200,232,Artkal official RGB chart 2024
C105,C105,0,106,142,Artkal official RGB chart 2024
C19,C19,86,183,230,Artkal official RGB chart 2024
C106,C106,0,112,150,Artkal official RGB chart 2024
C20,C20,0,144,218,Artkal official RGB chart 2024
C107,C107,213,203,159,Artkal official RGB chart 2024
C21,C21,0,78,168,Artkal official RGB chart 2024
C108,C108,207,196,147,Artkal official RGB chart 2024
C22,C22,247,206,215,Artkal official RGB chart 2024
C109,C109,192,181,97,Artkal official RGB chart 2024
C23,C23,234,167,148,Artkal official RGB chart 2024
C110,C110,153,133,66,Artkal official RGB chart 2024
C24,C24,239,209,159,Artkal official RGB chart 2024
C111,C111,137,118,48,Artkal official RGB chart 2024
C25,C25,163,136,216,Artkal official RGB chart 2024
C112,C112,202,199,167,Artkal official RGB chart 2024
C26,C26,149,105,190,Artkal official RGB chart 2024
C113,C113,191,187,152,Artkal official RGB chart 2024
C27,C27,72,54,152,Artkal official RGB chart 2024
C114,C114,176,170,126,Artkal official RGB chart 2024
C28,C28,198,125,48,Artkal official RGB chart 2024
C115,C115,137,144,100,Artkal official RGB chart 2024
C29,C29,164,73,61,Artkal official RGB chart 2024
C116,C116,122,114,86,Artkal official RGB chart 2024
C30,C30,147,38,44,Artkal official RGB chart 2024
C117,C117,91,121,47,Artkal official RGB chart 2024
C31,C31,163,127,116,Artkal official RGB chart 2024
C118,C118,156,219,217,Artkal official RGB chart 2024
C32,C32,104,52,49,Artkal official RGB chart 2024
C119,C119,122,225,191,Artkal official RGB chart 2024
C33,C33,167,168,170,Artkal official RGB chart 2024
C120,C120,119,193,154,Artkal official RGB chart 2024
C34,C34,136,139,141,Artkal official RGB chart 2024
C121,C121,0,180,103,Artkal official RGB chart 2024
C122,C122,55,196,0,Artkal official RGB chart 2024
C36,C36,230,134,153,Artkal official RGB chart 2024
C123,C123,37,114,38,Artkal official RGB chart 2024
C37,C37,0,103,185,Artkal official RGB chart 2024
C124,C124,0,134,117,Artkal official RGB chart 2024
C38,C38,65,143,222,Artkal official RGB chart 2024
C125,C125,0,115,103,Artkal official RGB chart 2024
C39,C39,164,219,232,Artkal official RGB chart 2024
C126,C126,223,200,231,Artkal official RGB chart 2024
C40,C40,225,213,85,Artkal official RGB chart 2024
C127,C127,212,139,200,Artkal official RGB chart 2024
C41,C41,251,219,101,Artkal official RGB chart 2024
C128,C128,234,190,219,Artkal official RGB chart 2024
C42,C42,255,200,69,Artkal official RGB chart 2024
C129,C129,221,116,161,Artkal official RGB chart 2024
C43,C43,165,0,52,Artkal official RGB chart 2024
C130,C130,193,160,218,Artkal official RGB chart 2024
C44,C44,255,128,139,Artkal official RGB chart 2024
C131,C131,251,99,126,Artkal official RGB chart 2024
C45,C45,74,124,104,Artkal official RGB chart 2024
C132,C132,200,0,161,Artkal official RGB chart 2024
C46,C46,240,236,116,Artkal official RGB chart 2024
C133,C133,135,24,157,Artkal official RGB chart 2024
C47,C47,236,195,178,Artkal official RGB chart 2024
C134,C134,170,183,232,Artkal official RGB chart 2024
C48,C48,255,181,73,Artkal official RGB chart 2024
C135,C135,185,183,231,Artkal official RGB chart 2024
C49,C49,236,134,208,Artkal official RGB chart 2024
C136,C136,123,162,225,Artkal official RGB chart 2024
C50,C50,197,180,227,Artkal official RGB chart 2024
C137,C137,95,141,218,Artkal official RGB chart 2024
C51,C51,245,225,164,Artkal official RGB chart 2024
C138,C138,85,118,209,Artkal official RGB chart 2024
C52,C52,89,73,167,Artkal official RGB chart 2024
C139,C139,72,92,199,Artkal official RGB chart 2024
C53,C53,196,214,0,Artkal official RGB chart 2024
C140,C140,71,106,205,Artkal official RGB chart 2024
C54,C54,0,178,169,Artkal official RGB chart 2024
C141,C141,54,90,189,Artkal official RGB chart 2024
C55,C55,108,194,74,Artkal official RGB chart 2024
C142,C142,52,72,170,Artkal official RGB chart 2024
C56,C56,151,153,155,Artkal official RGB chart 2024
C143,C143,0,45,114,Artkal official RGB chart 2024
C57,C57,213,0,50,Artkal official RGB chart 2024
C144,C144,233,225,134,Artkal official RGB chart 2024
C58,C58,44,45,101,Artkal official RGB chart 2024
C145,C145,166,25,46,Artkal official RGB chart 2024
C59,C59,134,31,65,Artkal official RGB chart 2024
C146,C146,134,200,188,Artkal official RGB chart 2024
C60,C60,187,221,230,Artkal official RGB chart 2024
C147,C147,134,103,97,Artkal official RGB chart 2024
C61,C61,241,230,178,Artkal official RGB chart 2024
C148,C148,239,219,178,Artkal official RGB chart 2024
C62,C62,255,88,93,Artkal official RGB chart 2024
C149,C149,139,132,215,Artkal official RGB chart 2024
C63,C63,241,167,220,Artkal official RGB chart 2024
C150,C150,62,72,39,Artkal official RGB chart 2024
C64,C64,206,0,88,Artkal official RGB chart 2024
C151,C151,192,174,228,Artkal official RGB chart 2024
C65,C65,227,119,94,Artkal official RGB chart 2024
C66,C66,246,117,153,Artkal official RGB chart 2024
C153,C153,243,207,179,Artkal official RGB chart 2024
C67,C67,177,78,181,Artkal official RGB chart 2024
C154,C154,197,139,104,Artkal official RGB chart 2024
C68,C68,98,181,229,Artkal official RGB chart 2024
C155,C155,99,102,106,Artkal official RGB chart 2024
C69,C69,51,63,72,Artkal official RGB chart 2024
C156,C156,75,79,84,Artkal official RGB chart 2024
C70,C70,24,48,40,Artkal official RGB chart 2024
C157,C157,29,37,45,Artkal official RGB chart 2024
C71,C71,255,163,0,Artkal official RGB chart 2024
CE01,CE01,209,221,230,Artkal official RGB chart 2024
C72,C72,255,178,91,Artkal official RGB chart 2024
CE02,CE02,155,184,211,Artkal official RGB chart 2024
C73,C73,184,97,37,Artkal official RGB chart 2024
CE03,CE03,106,209,227,Artkal official RGB chart 2024
C74,C74,213,162,134,Artkal official RGB chart 2024
CE04,CE04,3,193,170,Artkal official RGB chart 2024
C75,C75,170,128,102,Artkal official RGB chart 2024
CE05,CE05,44,213,196,Artkal official RGB chart 2024
C76,C76,255,109,106,Artkal official RGB chart 2024
CE06,CE06,20,123,209,Artkal official RGB chart 2024
C77,C77,176,74,90,Artkal official RGB chart 2024
CE07,CE07,191,165,184,Artkal official RGB chart 2024
C78,C78,134,38,51,Artkal official RGB chart 2024
CE08,CE08,155,119,147,Artkal official RGB chart 2024
C79,C79,153,214,234,Artkal official RGB chart 2024
CE09,CE09,105,60,94,Artkal official RGB chart 2024
C80,C80,0,150,143,Artkal official RGB chart 2024
CE10,CE10,201,100,207,Artkal official RGB chart 2024
C81,C81,72,169,197,Artkal official RGB chart 2024
CE11,CE11,173,26,172,Artkal official RGB chart 2024
C82,C82,0,156,189,Artkal official RGB chart 2024
CE12,CE12,255,194,123,Artkal official RGB chart 2024
C83,C83,0,133,173,Artkal official RGB chart 2024
CE13,CE13,230,166,93,Artkal official RGB chart 2024
C84,C84,171,173,35,Artkal official RGB chart 2024
CE14,CE14,211,130,53,Artkal official RGB chart 2024
C85,C85,153,155,48,Artkal official RGB chart 2024
CE15,CE15,193,108,24,Artkal official RGB chart 2024
C86,C86,0,133,34,Artkal official RGB chart 2024
CE16,CE16,245,182,205,Artkal official RGB chart 2024
C87,C87,217,217,214,Artkal official RGB chart 2024
CE17,CE17,93,42,44,Artkal official RGB chart 2024
